Region code,Region name ,Local authority code,Local authority name,2002,2003,2004,2005,2006,2007,2008,2009,2010,2011,2012,2013,2014,2015,2016,2017,2018,,,,,,,,,
E12000001,North East,E06000047,County Durham,:,:,:,:,:,:,5.12,4.68,4.84,4.38,4.20,4.36,4.46,4.45,4.44,4.44,4.38,,,,,,,,,
E12000001,North East,E06000005,Darlington,3.42,4.06,5.12,5.97,5.94,5.49,5.88,5.46,5.45,5.16,5.26,5.34,4.76,5.18,4.84,4.96,5.29,,,,,,,,,
E12000001,North East,E06000001,Hartlepool,2.86,3.02,2.82,2.86,4.14,4.63,4.70,3.98,4.75,4.32,3.98,4.79,4.69,4.74,4.62,4.82,4.57,,,,,,,,,
E12000001,North East,E06000002,Middlesbrough,2.83,2.65,3.74,4.23,5.17,5.40,4.58,5.17,5.12,4.98,4.62,4.98,5.28,5.05,5.25,5.18,5.21,,,,,,,,,
E12000001,North East,E06000057,Northumberland,:,:,:,:,:,:,6.39,5.58,5.76,5.49,5.59,5.46,5.86,6.17,5.95,5.90,6.01,,,,,,,,,
E12000001,North East,E06000003,Redcar and Cleveland,2.83,3.96,4.37,4.67,5.66,5.52,5.71,4.98,5.57,4.74,5.19,4.80,4.90,5.00,5.33,5.12,5.32,,,,,,,,,
E12000001,North East,E06000004,Stockton-on-Tees,3.33,4.03,4.54,4.99,5.53,5.64,5.44,5.00,5.32,4.95,5.07,4.79,5.09,5.07,4.86,5.37,5.42,,,,,,,,,
E12000001,North East,E08000037,Gateshead,3.36,4.26,5.12,5.24,6.06,5.98,5.73,5.42,5.20,5.11,4.76,5.07,4.98,5.21,5.19,5.04,5.23,,,,,,,,,
E12000001,North East,E08000021,Newcastle upon Tyne,3.94,4.85,6.11,5.95,6.54,6.82,6.52,5.98,6.28,6.13,5.61,5.66,5.56,5.68,5.83,5.84,5.94,,,,,,,,,
E12000001,North East,E08000022,North Tyneside,3.45,4.60,5.59,5.98,6.32,6.43,5.93,5.38,5.90,5.52,5.57,5.67,5.86,6.02,5.94,5.92,5.88,,,,,,,,,
E12000001,North East,E08000023,South Tyneside,2.70,3.17,4.58,5.02,5.20,5.59,5.30,4.75,5.04,4.70,4.56,4.76,5.02,5.31,5.56,5.27,5.46,,,,,,,,,
E12000001,North East,E08000024,Sunderland,3.31,3.93,4.88,5.16,5.36,5.45,5.39,4.87,4.92,4.75,4.77,4.64,4.76,4.87,4.77,5.02,4.98,,,,,,,,,
E12000002,North West,E06000008,Blackburn with Darwen,2.38,2.68,3.24,3.74,4.09,4.50,4.99,4.24,4.28,4.40,4.46,4.39,4.29,4.88,4.57,4.62,5.13,,,,,,,,,
E12000002,North West,E06000009,Blackpool,3.51,3.94,5.11,5.74,6.19,6.06,6.16,5.17,5.65,5.14,4.92,4.73,5.05,4.76,4.90,4.86,4.84,,,,,,,,,
E12000002,North West,E06000049,Cheshire East,:,:,:,:,:,:,6.62,5.98,6.73,6.43,6.34,6.33,6.50,6.90,7.02,7.50,7.72,,,,,,,,,
E12000002,North West,E06000050,Cheshire West and Chester,:,:,:,:,:,:,6.26,5.57,5.72,5.99,5.86,5.89,6.07,6.37,6.42,6.70,6.65,,,,,,,,,
E12000002,North West,E06000006,Halton,3.17,4.10,4.58,5.60,5.83,5.38,5.25,5.19,5.47,4.96,4.83,4.80,4.96,5.01,5.34,5.24,5.09,,,,,,,,,
E12000002,North West,E06000007,Warrington,4.39,4.86,5.82,6.00,5.43,6.13,5.49,5.32,5.66,5.70,5.58,5.83,5.95,5.81,5.99,6.21,5.86,,,,,,,,,
E12000002,North West,E07000026,Allerdale,3.05,3.69,4.60,4.76,5.46,6.11,5.75,5.45,5.32,5.78,5.73,5.45,5.25,5.62,4.87,5.31,5.49,,,,,,,,,
E12000002,North West,E07000027,Barrow-in-Furness,2.27,2.50,2.99,3.52,3.69,4.05,4.13,3.79,3.92,3.84,3.68,3.62,3.38,4.23,4.44,3.96,3.64,,,,,,,,,
E12000002,North West,E07000028,Carlisle,3.08,3.89,4.74,5.01,5.54,5.71,5.51,5.59,5.57,5.46,5.47,5.41,5.61,5.44,5.78,5.69,5.76,,,,,,,,,
E12000002,North West,E07000029,Copeland,1.74,1.95,2.48,3.05,3.41,3.29,3.32,3.23,3.50,3.59,3.18,3.00,3.00,2.95,3.24,2.97,2.76,,,,,,,,,
E12000002,North West,E07000030,Eden,4.94,6.18,9.32,8.78,8.92,8.72,8.25,9.02,9.23,8.11,7.79,6.72,7.67,7.68,7.63,7.37,8.35,,,,,,,,,
E12000002,North West,E07000031,South Lakeland,5.27,6.59,7.33,8.05,8.53,8.65,8.79,7.47,7.97,8.26,7.85,7.24,7.58,8.05,7.35,8.04,7.65,,,,,,,,,
E12000002,North West,E08000001,Bolton,2.96,3.23,4.09,4.79,5.50,5.42,5.33,4.71,4.93,4.68,4.63,4.63,4.96,5.00,5.04,5.21,5.31,,,,,,,,,
E12000002,North West,E08000002,Bury,3.24,3.72,4.40,5.11,5.43,5.36,5.10,4.84,4.92,4.62,4.76,4.72,5.04,5.27,5.34,5.70,5.57,,,,,,,,,
E12000002,North West,E08000003,Manchester,3.75,4.04,4.90,5.56,6.27,6.21,5.92,5.22,5.40,5.65,5.15,5.06,5.49,5.63,6.12,6.43,6.63,,,,,,,,,
E12000002,North West,E08000004,Oldham,2.89,3.23,3.76,4.50,5.04,5.31,5.32,4.89,5.13,4.74,4.85,4.98,5.01,5.14,5.07,5.10,5.20,,,,,,,,,
E12000002,North West,E08000005,Rochdale,2.93,3.29,3.99,4.52,4.81,5.14,4.76,4.20,4.66,4.50,4.55,4.82,5.10,5.17,5.12,5.18,5.23,,,,,,,,,
E12000002,North West,E08000006,Salford,2.93,3.67,4.51,5.06,5.32,5.66,5.49,5.03,4.89,4.86,4.70,4.85,4.97,5.14,5.35,6.13,6.20,,,,,,,,,
E12000002,North West,E08000007,Stockport,4.44,5.40,6.13,6.33,6.38,6.35,6.79,5.96,6.17,6.17,5.98,5.85,6.08,6.55,6.92,7.06,7.13,,,,,,,,,
E12000002,North West,E08000008,Tameside,2.95,3.65,4.44,4.87,5.58,5.90,5.59,4.83,5.04,5.03,4.62,4.88,5.29,5.32,5.44,5.56,5.74,,,,,,,,,
E12000002,North West,E08000009,Trafford,5.18,5.92,6.42,6.70,6.86,6.71,6.60,6.24,6.43,6.51,6.15,6.24,6.67,6.99,6.75,7.72,7.73,,,,,,,,,
E12000002,North West,E08000010,Wigan,2.95,3.48,4.40,4.74,5.23,5.41,5.18,4.75,4.79,4.58,4.62,4.28,4.70,4.70,4.61,4.82,5.00,,,,,,,,,
E12000002,North West,E07000117,Burnley,1.64,1.58,2.00,2.24,3.00,3.86,3.71,3.61,3.54,3.49,3.31,3.12,3.77,3.45,3.69,3.68,3.61,,,,,,,,,
E12000002,North West,E07000118,Chorley,3.77,4.47,5.82,5.99,6.08,6.09,5.95,5.73,6.21,6.06,5.83,6.28,6.16,6.25,5.93,6.26,5.47,,,,,,,,,
E12000002,North West,E07000119,Fylde,3.90,4.77,5.92,6.18,7.17,6.75,6.10,5.82,5.86,5.47,5.60,5.72,5.40,7.22,7.04,6.56,5.94,,,,,,,,,
E12000002,North West,E07000120,Hyndburn,2.40,2.40,3.42,3.90,4.55,5.02,5.05,4.00,3.92,3.73,4.22,4.13,3.97,4.01,4.25,4.01,4.42,,,,,,,,,
E12000002,North West,E07000121,Lancaster,2.94,3.84,4.71,5.35,5.50,5.26,5.37,4.87,5.26,4.78,5.27,4.55,4.90,5.31,5.45,5.47,5.74,,,,,,,,,
E12000002,North West,E07000122,Pendle,2.18,2.31,2.96,3.20,3.90,4.55,4.31,3.98,3.92,3.77,3.75,3.74,3.70,3.70,3.94,4.04,3.78,,,,,,,,,
E12000002,North West,E07000123,Preston,3.01,3.34,4.67,5.45,6.24,5.87,5.58,4.95,5.41,5.12,5.39,5.42,5.45,5.38,5.25,5.76,5.52,,,,,,,,,
E12000002,North West,E07000124,Ribble Valley,4.05,5.46,6.59,6.60,7.66,7.38,7.30,6.49,7.25,7.08,6.79,6.78,6.66,7.16,7.36,7.69,6.78,,,,,,,,,
E12000002,North West,E07000125,Rossendale,2.94,3.34,4.13,4.74,4.75,5.41,4.83,4.72,5.11,4.50,4.38,4.88,5.12,5.15,5.12,5.56,5.20,,,,,,,,,
E12000002,North West,E07000126,South Ribble,3.58,4.50,5.76,6.01,5.92,6.06,5.58,5.44,5.71,5.63,5.42,5.43,5.72,5.87,5.77,5.79,5.82,,,,,,,,,
E12000002,North West,E07000127,West Lancashire,4.09,4.88,5.88,6.07,6.23,6.40,6.46,6.48,6.48,5.89,6.32,6.25,6.59,6.46,6.48,6.33,6.20,,,,,,,,,
E12000002,North West,E07000128,Wyre,3.91,4.46,5.36,5.91,6.17,7.51,6.44,6.48,6.38,5.91,4.98,5.25,5.49,5.13,5.89,5.93,6.12,,,,,,,,,
E12000002,North West,E08000011,Knowsley,3.57,3.75,5.06,6.00,6.06,5.56,5.59,4.75,4.72,4.53,4.55,4.72,4.66,4.95,4.77,4.88,4.99,,,,,,,,,
E12000002,North West,E08000012,Liverpool,3.12,3.48,4.50,4.91,5.46,5.60,5.24,4.95,4.79,4.64,4.68,4.50,4.45,4.67,4.62,4.77,4.79,,,,,,,,,
E12000002,North West,E08000014,Sefton,4.05,4.78,5.90,5.99,6.57,6.48,6.19,6.24,6.27,5.93,5.56,5.33,5.80,6.02,6.21,6.03,5.78,,,,,,,,,
E12000002,North West,E08000013,St. Helens,3.43,3.75,4.76,5.41,5.57,5.85,5.26,4.70,4.77,4.31,4.37,4.44,4.94,4.57,4.92,5.23,5.10,,,,,,,,,
E12000002,North West,E08000015,Wirral,3.47,4.01,4.90,5.08,5.63,5.97,5.80,5.22,5.18,5.28,5.29,5.05,5.08,5.05,5.32,5.62,5.82,,,,,,,,,
E12000003,Yorkshire and The Humber,E06000011,East Riding of Yorkshire,3.69,4.42,5.53,5.55,5.63,5.55,5.47,4.93,5.28,5.24,5.33,5.24,5.41,5.82,5.93,6.18,6.08,,,,,,,,,
E12000003,Yorkshire and The Humber,E06000010,"Kingston upon Hull, City of",2.38,2.80,3.34,3.58,4.23,4.51,4.37,4.10,4.32,4.18,4.00,4.04,4.39,4.41,4.45,4.97,4.75,,,,,,,,,
E12000003,Yorkshire and The Humber,E06000012,North East Lincolnshire,2.76,2.88,3.89,4.08,4.70,5.08,5.03,4.48,5.11,4.74,4.52,4.44,5.02,4.98,4.67,5.51,5.04,,,,,,,,,
E12000003,Yorkshire and The Humber,E06000013,North Lincolnshire,2.59,3.35,4.23,4.29,4.64,4.76,4.97,4.82,4.68,4.38,4.27,4.20,4.36,4.40,4.52,4.86,4.84,,,,,,,,,
E12000003,Yorkshire and The Humber,E06000014,York,5.18,6.20,6.49,6.71,7.19,7.03,7.05,6.29,7.02,6.88,6.70,6.53,7.27,8.20,8.30,8.78,8.83,,,,,,,,,
E12000003,Yorkshire and The Humber,E07000163,Craven,4.78,5.71,6.06,7.03,7.84,8.19,6.32,6.68,6.92,7.36,7.40,7.31,7.29,7.83,8.16,8.21,7.92,,,,,,,,,
E12000003,Yorkshire and The Humber,E07000164,Hambleton,6.00,6.80,8.62,8.52,8.23,8.88,8.60,7.32,8.36,8.16,7.93,7.91,8.57,8.49,7.92,8.62,8.06,,,,,,,,,
E12000003,Yorkshire and The Humber,E07000165,Harrogate,6.18,7.47,7.51,7.81,8.42,8.73,8.77,7.25,8.22,8.27,8.60,8.00,8.27,8.87,8.86,8.83,8.88,,,,,,,,,
E12000003,Yorkshire and The Humber,E07000166,Richmondshire,4.79,6.63,7.36,7.79,8.25,8.13,8.52,7.87,8.65,7.75,6.74,7.50,7.45,6.94,6.64,7.74,7.31,,,,,,,,,
E12000003,Yorkshire and The Humber,E07000167,Ryedale,6.14,7.84,9.33,10.44,10.04,10.42,9.73,7.51,8.84,9.27,8.83,8.49,8.21,8.58,8.93,9.41,8.99,,,,,,,,,
E12000003,Yorkshire and The Humber,E07000168,Scarborough,4.10,4.89,6.34,6.86,7.31,7.19,6.97,6.23,6.43,6.23,5.82,5.90,5.90,5.65,5.85,6.07,6.30,,,,,,,,,
E12000003,Yorkshire and The Humber,E07000169,Selby,4.13,5.68,6.46,6.83,6.35,6.83,6.64,5.67,5.81,5.83,6.03,5.95,5.73,5.97,6.23,6.42,6.41,,,,,,,,,
E12000003,Yorkshire and The Humber,E08000016,Barnsley,2.65,3.25,4.20,4.62,4.99,5.36,4.88,4.09,4.38,4.28,4.43,4.32,4.44,4.47,4.81,4.88,5.12,,,,,,,,,
E12000003,Yorkshire and The Humber,E08000017,Doncaster,2.77,3.53,4.61,5.10,5.17,5.37,5.04,4.65,4.90,4.64,4.59,4.53,4.68,5.18,5.08,5.22,4.81,,,,,,,,,
E12000003,Yorkshire and The Humber,E08000018,Rotherham,3.02,3.60,4.38,4.85,5.41,5.39,5.54,4.99,5.13,4.84,4.99,4.94,5.34,5.20,5.43,5.15,5.32,,,,,,,,,
E12000003,Yorkshire and The Humber,E08000019,Sheffield,3.56,4.26,5.08,5.31,5.61,5.81,5.45,5.09,5.30,5.16,5.11,5.08,5.34,5.46,5.37,5.58,5.71,,,,,,,,,
E12000003,Yorkshire and The Humber,E08000032,Bradford,3.12,3.67,4.51,5.10,5.82,6.22,6.08,5.41,5.39,5.54,5.18,5.07,5.16,5.33,5.29,5.34,5.37,,,,,,,,,
E12000003,Yorkshire and The Humber,E08000033,Calderdale,2.94,3.43,4.41,5.21,5.32,5.51,5.18,4.37,5.24,4.93,4.60,4.75,4.86,5.03,4.86,4.98,5.02,,,,,,,,,
E12000003,Yorkshire and The Humber,E08000034,Kirklees,3.07,3.70,4.77,5.06,5.37,5.49,5.32,5.12,5.38,5.05,4.86,4.94,4.94,5.28,5.47,5.36,5.55,,,,,,,,,
E12000003,Yorkshire and The Humber,E08000035,Leeds,4.17,4.87,5.78,5.99,6.18,6.42,6.10,5.45,5.85,5.78,5.76,5.49,5.70,5.88,5.84,6.11,6.26,,,,,,,,,
E12000003,Yorkshire and The Humber,E08000036,Wakefield,3.45,4.28,4.84,5.61,5.65,5.73,5.49,5.17,5.61,5.45,5.22,5.24,5.44,5.51,5.60,5.82,5.77,,,,,,,,,
E12000004,East Midlands,E06000015,Derby,3.13,3.82,4.80,5.05,5.27,6.08,5.12,4.52,4.73,4.57,4.51,4.72,4.88,4.83,5.04,5.10,4.81,,,,,,,,,
E12000004,East Midlands,E06000016,Leicester,4.02,4.95,6.20,6.28,6.27,6.18,6.32,5.76,5.83,5.71,5.78,5.55,5.65,6.16,6.41,6.96,7.49,,,,,,,,,
E12000004,East Midlands,E06000018,Nottingham,3.61,4.64,5.04,5.27,5.40,5.07,5.29,4.41,4.53,4.26,4.31,4.46,4.86,4.98,5.14,5.53,5.80,,,,,,,,,
E12000004,East Midlands,E06000017,Rutland,6.72,6.73,8.53,8.85,9.30,8.76,8.77,7.59,8.78,7.91,8.51,8.47,8.46,8.18,8.66,8.68,9.44,,,,,,,,,
E12000004,East Midlands,E07000032,Amber Valley,3.61,4.40,5.33,5.15,5.57,6.14,5.66,5.22,5.42,5.26,4.95,5.13,5.22,5.62,5.57,5.33,5.73,,,,,,,,,
E12000004,East Midlands,E07000033,Bolsover,2.82,3.59,4.15,4.84,4.77,4.78,5.16,4.26,4.50,4.37,3.78,4.18,4.55,4.98,4.87,5.30,5.13,,,,,,,,,
E12000004,East Midlands,E07000034,Chesterfield,3.16,3.74,4.88,5.17,5.43,5.71,5.34,4.93,5.13,4.91,4.97,5.14,5.17,5.05,5.24,5.51,5.75,,,,,,,,,
E12000004,East Midlands,E07000035,Derbyshire Dales,5.00,6.17,7.15,7.66,8.47,8.67,7.10,6.31,7.21,7.19,7.13,7.40,7.60,8.32,7.55,7.97,8.09,,,,,,,,,
E12000004,East Midlands,E07000036,Erewash,3.54,4.39,4.98,5.42,5.42,5.44,5.16,4.64,4.99,4.88,4.60,4.40,4.80,5.11,5.09,5.40,5.58,,,,,,,,,
E12000004,East Midlands,E07000037,High Peak,3.88,4.84,5.98,6.19,6.21,7.00,6.35,5.74,5.65,5.59,5.72,5.58,5.61,6.28,6.65,6.28,6.65,,,,,,,,,
E12000004,East Midlands,E07000038,North East Derbyshire,3.78,4.60,5.78,6.07,6.33,6.35,6.05,5.74,5.49,5.64,5.73,5.49,5.84,5.92,5.93,6.60,6.25,,,,,,,,,
E12000004,East Midlands,E07000039,South Derbyshire,3.99,5.23,5.50,6.26,6.34,6.45,5.84,5.70,6.02,5.76,5.69,5.27,5.76,6.32,5.97,6.49,6.07,,,,,,,,,
E12000004,East Midlands,E07000129,Blaby,4.45,5.50,6.03,5.95,6.54,6.79,6.13,5.13,5.41,5.70,5.74,5.64,5.97,6.41,6.35,6.76,7.25,,,,,,,,,
E12000004,East Midlands,E07000130,Charnwood,4.33,5.82,6.44,6.39,6.14,6.72,6.28,5.64,5.94,6.07,6.20,5.93,6.23,6.34,6.61,7.33,7.08,,,,,,,,,
E12000004,East Midlands,E07000131,Harborough,5.12,6.26,7.09,7.09,7.47,7.74,7.08,6.47,6.98,6.18,6.03,6.47,7.17,7.67,7.26,7.20,7.80,,,,,,,,,
E12000004,East Midlands,E07000132,Hinckley and Bosworth,4.40,5.52,5.83,6.01,6.08,6.63,6.26,5.57,6.16,5.82,5.76,5.87,6.50,6.71,6.63,6.85,6.98,,,,,,,,,
E12000004,East Midlands,E07000133,Melton,5.19,5.14,5.86,5.96,6.65,6.52,6.36,5.70,6.30,6.67,6.89,6.95,6.91,6.82,7.26,7.27,7.38,,,,,,,,,
E12000004,East Midlands,E07000134,North West Leicestershire,4.57,5.44,6.11,6.34,6.35,6.54,5.94,5.44,5.99,5.86,5.57,6.00,6.21,6.86,6.93,7.13,7.03,,,,,,,,,
E12000004,East Midlands,E07000135,Oadby and Wigston,4.34,5.90,6.82,6.80,6.71,7.52,6.40,5.40,5.79,5.64,5.84,6.17,6.67,7.80,7.38,7.16,7.54,,,,,,,,,
E12000004,East Midlands,E07000136,Boston,3.94,4.68,6.02,6.43,6.29,6.07,6.20,5.79,5.84,5.87,6.00,5.83,6.23,6.63,6.48,6.97,7.20,,,,,,,,,
E12000004,East Midlands,E07000137,East Lindsey,4.44,5.44,6.98,6.83,6.98,7.31,6.95,5.92,6.35,6.02,5.60,5.34,5.64,6.01,5.92,6.54,6.45,,,,,,,,,
E12000004,East Midlands,E07000138,Lincoln,3.34,4.68,5.25,5.51,5.98,6.05,5.88,5.05,4.89,5.24,5.17,4.97,5.18,5.66,5.52,6.17,5.89,,,,,,,,,
E12000004,East Midlands,E07000139,North Kesteven,4.90,6.43,7.10,7.10,7.06,7.57,7.28,6.09,6.55,6.54,6.12,5.79,6.00,6.22,6.71,6.67,6.19,,,,,,,,,
E12000004,East Midlands,E07000140,South Holland,4.31,5.21,6.55,6.55,6.57,7.25,6.68,5.62,5.75,5.70,5.53,5.64,5.94,6.42,6.34,6.82,7.17,,,,,,,,,
E12000004,East Midlands,E07000141,South Kesteven,4.59,5.65,6.53,6.58,6.59,6.80,6.61,5.94,6.28,5.83,5.78,5.72,6.37,6.99,7.50,7.37,7.93,,,,,,,,,
E12000004,East Midlands,E07000142,West Lindsey,3.51,4.21,5.98,6.34,6.21,6.73,6.60,5.49,5.54,5.74,5.34,5.13,6.45,6.01,5.89,5.90,5.95,,,,,,,,,
E12000004,East Midlands,E07000150,Corby,2.85,4.02,4.50,5.42,5.69,6.20,6.56,5.44,5.43,5.77,5.06,5.29,5.70,6.03,6.47,6.76,7.45,,,,,,,,,
E12000004,East Midlands,E07000151,Daventry,5.56,5.55,6.32,6.06,6.26,6.40,6.74,5.85,6.45,5.95,5.91,6.17,6.48,7.62,8.86,9.16,9.62,,,,,,,,,
E12000004,East Midlands,E07000152,East Northamptonshire,4.49,5.50,6.06,5.90,5.89,6.13,5.87,5.40,5.78,5.40,5.52,5.33,5.82,5.80,6.13,6.60,6.87,,,,,,,,,
E12000004,East Midlands,E07000153,Kettering,4.22,5.19,6.09,6.59,6.08,6.43,6.07,5.36,5.47,5.14,5.03,5.21,5.56,6.08,6.35,6.95,7.54,,,,,,,,,
E12000004,East Midlands,E07000154,Northampton,4.38,5.31,5.83,5.85,6.03,6.32,6.06,5.37,5.72,5.62,5.57,5.30,6.23,6.43,6.63,7.48,7.40,,,,,,,,,
E12000004,East Midlands,E07000155,South Northamptonshire,5.98,6.54,6.70,6.97,6.95,7.43,7.68,6.71,7.22,7.00,7.42,7.38,7.83,8.53,9.11,8.24,9.46,,,,,,,,,
E12000004,East Midlands,E07000156,Wellingborough,4.17,4.75,5.68,6.32,6.17,6.79,6.61,5.67,6.27,5.64,5.50,5.71,5.99,6.32,6.93,8.04,8.17,,,,,,,,,
E12000004,East Midlands,E07000170,Ashfield,3.36,4.06,4.80,5.14,5.37,6.00,5.58,4.54,5.02,5.28,5.23,5.07,5.15,5.23,5.36,5.60,5.60,,,,,,,,,
E12000004,East Midlands,E07000171,Bassetlaw,3.62,4.20,4.96,5.56,5.46,5.45,5.15,4.77,5.14,5.27,4.98,4.95,4.91,5.16,5.14,5.62,5.36,,,,,,,,,
E12000004,East Midlands,E07000172,Broxtowe,4.03,4.94,5.67,6.20,5.86,6.07,5.32,4.98,5.17,5.31,4.92,5.05,4.92,5.07,5.22,5.52,5.92,,,,,,,,,
E12000004,East Midlands,E07000173,Gedling,4.02,4.94,5.68,5.61,6.09,5.50,5.20,4.99,5.78,5.27,4.95,4.93,5.38,5.54,5.51,5.96,6.02,,,,,,,,,
E12000004,East Midlands,E07000174,Mansfield,3.08,3.78,4.79,5.12,5.25,5.18,5.06,4.72,4.99,5.30,4.93,5.12,5.24,5.22,5.64,5.43,5.75,,,,,,,,,
E12000004,East Midlands,E07000175,Newark and Sherwood,4.21,5.66,6.44,6.18,5.89,6.73,6.55,5.62,6.30,6.06,6.10,6.23,6.22,6.22,6.33,6.86,6.60,,,,,,,,,
E12000004,East Midlands,E07000176,Rushcliffe,4.74,5.71,6.21,6.45,6.39,6.80,6.06,5.42,5.93,5.91,5.88,6.00,6.38,7.19,7.12,7.26,7.69,,,,,,,,,
E12000005,West Midlands,E06000019,"Herefordshire, County of",6.10,7.24,8.18,8.41,8.98,8.88,8.76,7.84,9.04,8.75,8.80,8.62,8.26,8.98,8.10,9.34,9.27,,,,,,,,,
E12000005,West Midlands,E06000051,Shropshire,:,:,:,:,:,:,7.58,6.69,6.78,6.78,6.86,6.21,6.90,7.12,7.12,7.72,7.77,,,,,,,,,
E12000005,West Midlands,E06000021,Stoke-on-Trent,2.51,2.75,3.77,4.34,4.54,4.63,4.46,4.09,4.19,4.01,3.97,4.08,4.27,4.41,4.61,4.63,4.62,,,,,,,,,
E12000005,West Midlands,E06000020,Telford and Wrekin,4.01,4.74,5.76,5.96,6.23,5.95,5.92,6.04,6.21,6.05,6.07,6.06,6.08,5.99,6.24,6.76,6.37,,,,,,,,,
E12000005,West Midlands,E07000192,Cannock Chase,3.94,4.67,5.61,5.54,5.41,5.82,5.29,5.27,5.33,5.22,5.47,5.09,5.40,5.07,5.55,5.74,6.12,,,,,,,,,
E12000005,West Midlands,E07000193,East Staffordshire,4.02,4.71,5.29,5.66,5.75,6.49,5.90,5.65,6.21,5.63,5.51,5.42,5.83,6.33,5.98,6.47,6.88,,,,,,,,,
E12000005,West Midlands,E07000194,Lichfield,5.10,6.30,6.75,7.18,7.00,7.84,7.43,6.07,6.50,6.44,6.11,6.00,6.49,6.35,6.62,7.41,7.33,,,,,,,,,
E12000005,West Midlands,E07000195,Newcastle-under-Lyme,3.53,4.01,4.89,5.20,5.72,5.29,5.39,5.24,5.30,5.36,5.48,5.05,5.35,5.40,5.22,5.24,5.42,,,,,,,,,
E12000005,West Midlands,E07000196,South Staffordshire,5.30,6.27,6.92,6.55,6.75,7.34,6.80,6.72,6.68,6.46,6.50,6.24,6.74,6.63,6.86,7.01,6.93,,,,,,,,,
E12000005,West Midlands,E07000197,Stafford,4.31,5.89,6.29,6.61,6.59,6.80,6.58,6.16,6.32,6.19,5.69,5.61,5.88,6.16,6.43,6.82,6.82,,,,,,,,,
E12000005,West Midlands,E07000198,Staffordshire Moorlands,3.67,4.32,6.23,5.64,5.67,6.03,5.54,5.31,5.36,5.46,5.18,5.14,5.09,5.57,5.64,5.74,6.00,,,,,,,,,
E12000005,West Midlands,E07000199,Tamworth,4.07,4.37,5.36,5.40,5.88,5.90,5.11,4.99,5.42,5.28,4.94,5.46,6.06,6.19,6.44,6.85,6.91,,,,,,,,,
E12000005,West Midlands,E07000218,North Warwickshire,4.67,5.29,6.11,5.94,6.41,5.88,5.89,5.78,6.14,5.37,5.62,5.55,6.23,6.38,6.17,6.36,6.55,,,,,,,,,
E12000005,West Midlands,E07000219,Nuneaton and Bedworth,3.90,4.45,5.10,5.51,5.28,5.40,5.16,4.91,5.20,4.97,5.04,4.90,5.31,5.53,5.99,5.81,6.49,,,,,,,,,
E12000005,West Midlands,E07000220,Rugby,4.91,5.16,6.08,5.98,6.01,6.21,6.20,5.44,5.57,5.72,5.46,5.56,6.13,6.13,6.82,6.84,7.36,,,,,,,,,
E12000005,West Midlands,E07000221,Stratford-on-Avon,6.39,7.31,7.58,7.95,7.96,8.17,7.61,7.55,8.78,8.34,8.62,8.18,8.92,9.40,9.25,9.35,10.02,,,,,,,,,
E12000005,West Midlands,E07000222,Warwick,5.86,7.11,6.76,6.97,7.32,7.67,7.44,6.55,7.68,7.16,7.22,7.40,8.18,8.28,8.75,8.66,8.93,,,,,,,,,
E12000005,West Midlands,E08000025,Birmingham,3.95,4.91,5.73,5.95,5.85,6.16,5.92,5.20,5.45,5.34,5.24,5.33,5.48,5.67,5.77,6.06,6.09,,,,,,,,,
E12000005,West Midlands,E08000026,Coventry,3.78,4.14,4.90,5.17,5.41,6.00,5.54,4.93,5.23,4.91,4.87,4.80,5.28,5.28,5.47,5.77,6.05,,,,,,,,,
E12000005,West Midlands,E08000027,Dudley,4.14,4.94,5.94,6.15,6.14,6.05,5.86,5.76,6.02,5.56,5.43,5.34,5.51,5.66,5.59,5.69,6.03,,,,,,,,,
E12000005,West Midlands,E08000028,Sandwell,3.64,4.43,5.17,5.47,5.87,5.95,5.65,5.05,5.03,5.03,4.89,4.92,5.29,5.31,5.45,5.66,5.90,,,,,,,,,
E12000005,West Midlands,E08000029,Solihull,5.78,6.81,7.30,7.69,7.44,7.56,7.16,6.45,7.29,7.08,6.60,6.59,7.00,7.50,7.66,8.15,7.95,,,,,,,,,
E12000005,West Midlands,E08000030,Walsall,3.95,4.77,5.81,6.11,6.05,6.10,5.59,5.53,5.65,5.77,5.42,5.59,5.95,5.60,5.73,6.10,6.15,,,,,,,,,
E12000005,West Midlands,E08000031,Wolverhampton,3.62,4.39,5.17,5.56,5.92,5.70,5.49,5.32,5.37,5.31,4.96,4.96,5.35,5.41,5.80,5.74,5.85,,,,,,,,,
E12000005,West Midlands,E07000234,Bromsgrove,6.01,6.13,6.61,7.07,6.99,7.15,7.20,6.09,6.47,6.88,6.87,6.37,7.13,7.60,8.07,7.93,8.22,,,,,,,,,
E12000005,West Midlands,E07000235,Malvern Hills,6.37,7.26,7.96,8.03,8.05,8.15,7.15,6.60,8.06,9.00,8.63,7.23,9.24,8.63,9.02,8.09,9.77,,,,,,,,,
E12000005,West Midlands,E07000236,Redditch,4.86,5.93,6.52,6.38,6.88,7.18,7.14,6.31,6.44,6.46,6.40,6.51,7.52,8.02,7.66,7.60,8.20,,,,,,,,,
E12000005,West Midlands,E07000237,Worcester,4.55,5.90,6.61,6.29,6.30,6.94,6.63,6.40,6.24,6.05,6.31,6.11,6.11,6.57,6.88,6.47,6.85,,,,,,,,,
E12000005,West Midlands,E07000238,Wychavon,6.52,7.56,8.15,8.50,8.71,9.19,9.05,7.26,8.13,7.52,7.69,7.74,7.95,8.25,8.74,8.94,9.00,,,,,,,,,
E12000005,West Midlands,E07000239,Wyre Forest,4.89,5.98,7.21,7.33,7.21,7.07,6.93,6.78,6.83,7.15,6.75,6.49,6.70,6.12,6.41,6.78,6.91,,,,,,,,,
E12000006,East,E06000055,Bedford,5.21,6.20,6.16,6.72,7.04,6.66,6.33,6.34,6.36,6.91,6.67,6.43,7.13,8.06,8.05,8.76,9.37,,,,,,,,,
E12000006,East,E06000056,Central Bedfordshire,:,:,:,:,:,:,6.87,5.86,6.43,6.73,6.76,6.64,7.32,7.80,8.21,9.36,9.68,,,,,,,,,
E12000006,East,E06000032,Luton,4.57,5.31,5.77,6.24,6.22,6.99,6.72,5.74,6.25,6.08,6.12,6.08,6.47,6.94,8.12,8.17,8.76,,,,,,,,,
E12000006,East,E06000031,Peterborough,3.89,4.50,5.75,6.03,6.30,6.59,6.23,5.60,5.63,5.53,5.38,5.73,6.09,6.37,6.46,7.01,7.31,,,,,,,,,
E12000006,East,E06000033,Southend-on-Sea,4.57,5.81,6.13,6.54,6.90,6.90,7.00,6.04,6.41,6.55,6.54,6.94,6.81,7.69,7.94,8.64,8.59,,,,,,,,,
E12000006,East,E06000034,Thurrock,4.26,5.47,6.00,6.57,6.67,6.70,6.32,5.69,5.89,6.28,6.01,5.94,6.45,7.06,8.43,9.26,9.20,,,,,,,,,
E12000006,East,E07000008,Cambridge,7.14,7.76,7.52,8.66,8.30,9.21,8.52,8.20,8.14,8.68,9.33,9.64,10.82,12.28,13.38,13.33,12.96,,,,,,,,,
E12000006,East,E07000009,East Cambridgeshire,6.13,6.64,6.66,7.75,7.04,7.41,7.55,6.24,6.56,6.44,6.61,7.07,7.48,7.82,8.85,9.11,9.41,,,,,,,,,
E12000006,East,E07000010,Fenland,4.54,5.27,5.81,6.16,6.19,6.06,6.62,5.52,5.84,5.53,5.45,5.31,5.72,6.02,6.05,6.62,6.67,,,,,,,,,
E12000006,East,E07000011,Huntingdonshire,4.65,5.40,5.85,6.45,6.79,7.10,6.89,5.77,6.03,6.02,6.31,6.60,6.68,7.23,7.64,8.18,8.44,,,,,,,,,
E12000006,East,E07000012,South Cambridgeshire,7.54,7.75,7.87,7.64,7.82,8.15,7.73,6.81,7.13,7.58,7.42,7.14,7.76,9.66,9.48,10.30,9.68,,,,,,,,,
E12000006,East,E07000066,Basildon,4.49,5.60,6.14,6.57,6.65,6.88,6.85,6.26,6.51,6.34,6.46,6.24,6.76,7.70,8.51,9.38,9.38,,,,,,,,,
E12000006,East,E07000067,Braintree,5.51,6.00,6.78,7.00,7.16,7.10,7.03,6.25,6.58,6.55,6.11,6.20,6.54,7.23,7.94,8.34,8.48,,,,,,,,,
E12000006,East,E07000068,Brentwood,6.06,6.91,6.50,7.12,6.93,7.25,6.90,6.97,7.20,6.76,7.49,6.88,7.52,8.15,9.30,9.76,10.93,,,,,,,,,
E12000006,East,E07000069,Castle Point,5.51,6.38,6.80,6.45,6.87,7.43,7.29,5.88,7.77,7.48,7.09,7.56,7.21,8.36,9.32,8.96,9.50,,,,,,,,,
E12000006,East,E07000070,Chelmsford,5.56,6.74,6.91,6.95,7.22,7.66,7.65,6.82,7.35,7.05,6.90,7.48,7.99,8.49,9.43,10.39,10.95,,,,,,,,,
E12000006,East,E07000071,Colchester,4.81,6.10,6.73,6.50,6.65,6.65,6.65,6.41,6.54,6.46,6.63,6.83,6.72,7.36,7.92,8.34,8.83,,,,,,,,,
E12000006,East,E07000072,Epping Forest,7.42,7.87,8.10,7.75,8.32,8.84,9.71,8.57,9.30,9.13,8.41,9.23,9.48,10.85,11.34,12.25,12.73,,,,,,,,,
E12000006,East,E07000073,Harlow,5.43,6.27,6.89,7.28,7.15,6.83,7.37,7.09,6.57,6.95,7.07,7.18,7.45,8.65,9.45,10.18,9.87,,,,,,,,,
E12000006,East,E07000074,Maldon,5.16,5.76,6.20,7.40,7.15,7.93,7.95,5.90,6.24,6.49,6.09,6.37,7.36,7.49,7.98,9.70,10.03,,,,,,,,,
E12000006,East,E07000075,Rochford,5.29,6.30,6.49,7.50,7.06,7.09,7.60,6.53,7.62,7.05,7.12,7.12,7.97,8.71,8.55,9.28,9.28,,,,,,,,,
E12000006,East,E07000076,Tendring,5.18,6.08,7.30,7.06,7.24,7.68,6.96,6.00,6.13,6.23,6.03,5.97,6.33,6.76,7.17,7.98,8.37,,,,,,,,,
E12000006,East,E07000077,Uttlesford,6.30,7.19,7.63,9.52,8.46,8.33,9.09,7.88,8.71,8.94,9.43,9.54,10.16,10.25,10.10,10.63,11.84,,,,,,,,,
E12000006,East,E07000095,Broxbourne,6.50,6.95,7.31,7.07,7.41,8.00,7.88,7.29,7.56,7.78,7.65,7.60,8.24,8.66,10.15,10.38,10.54,,,,,,,,,
E12000006,East,E07000096,Dacorum,6.09,6.93,7.58,7.61,7.79,8.22,8.38,7.17,8.31,7.80,8.34,8.20,8.99,9.77,9.93,11.25,11.18,,,,,,,,,
E12000006,East,E07000242,East Hertfordshire,6.23,7.04,6.97,7.32,7.40,8.31,7.26,6.39,7.07,7.96,7.62,8.72,9.00,9.42,10.18,10.83,10.73,,,,,,,,,
E12000006,East,E07000098,Hertsmere,6.64,7.86,8.05,8.30,8.45,9.20,9.40,8.26,10.00,9.92,10.06,10.78,13.11,13.22,14.23,14.29,13.69,,,,,,,,,
E12000006,East,E07000099,North Hertfordshire,5.54,6.80,7.22,7.04,7.44,7.74,7.22,6.40,6.95,6.96,6.76,6.65,7.37,8.13,8.97,9.30,9.61,,,,,,,,,
E12000006,East,E07000240,St Albans,7.14,8.11,8.17,7.93,9.02,9.09,8.72,8.18,9.05,9.36,9.36,9.39,10.01,11.74,12.66,13.02,12.62,,,,,,,,,
E12000006,East,E07000243,Stevenage,5.23,6.04,6.60,7.02,6.59,6.53,6.64,6.02,6.26,5.81,5.93,6.20,7.02,7.69,8.67,9.14,8.61,,,,,,,,,
E12000006,East,E07000102,Three Rivers,7.52,6.73,7.46,8.69,8.84,8.04,8.69,7.61,8.71,8.79,9.79,9.48,10.86,12.48,13.77,14.34,13.78,,,,,,,,,
E12000006,East,E07000103,Watford,5.54,6.50,7.12,6.50,6.58,6.97,6.96,6.62,6.84,6.78,6.68,6.71,7.81,9.07,9.91,10.31,11.86,,,,,,,,,
E12000006,East,E07000241,Welwyn Hatfield,6.76,7.29,7.84,7.68,7.58,7.55,7.54,7.01,7.58,7.92,8.20,8.55,8.59,9.80,11.17,11.40,11.36,,,,,,,,,
E12000006,East,E07000143,Breckland,5.16,6.32,7.21,7.08,7.44,8.28,7.48,6.97,7.33,6.85,6.55,6.83,7.20,7.56,8.06,8.67,8.57,,,,,,,,,
E12000006,East,E07000144,Broadland,5.86,7.17,7.37,7.67,7.62,8.30,8.09,6.64,6.83,6.33,6.10,6.36,7.19,7.73,7.99,8.70,8.42,,,,,,,,,
E12000006,East,E07000145,Great Yarmouth,4.04,4.72,6.00,6.45,6.24,6.80,6.05,6.03,6.31,5.88,5.73,5.80,5.67,6.16,6.24,6.76,6.85,,,,,,,,,
E12000006,East,E07000146,King's Lynn and West Norfolk,4.88,6.05,6.95,7.41,7.46,7.31,7.04,6.34,6.91,6.45,6.17,6.54,6.30,6.76,6.89,7.89,7.77,,,,,,,,,
E12000006,East,E07000147,North Norfolk,6.01,7.02,7.63,8.97,9.55,9.08,8.69,7.53,8.51,7.80,8.44,8.25,7.75,8.37,9.46,9.60,10.09,,,,,,,,,
E12000006,East,E07000148,Norwich,4.73,5.73,6.32,6.41,6.29,7.19,6.74,5.71,6.05,5.91,6.25,6.15,6.92,6.93,6.80,7.20,7.58,,,,,,,,,
E12000006,East,E07000149,South Norfolk,5.85,6.86,7.35,7.23,7.92,7.99,7.53,6.55,6.65,6.54,6.41,6.92,7.00,6.98,7.52,8.90,8.15,,,,,,,,,
E12000006,East,E07000200,Babergh,5.92,6.72,7.35,7.96,7.71,8.71,8.49,6.71,7.31,6.66,7.54,7.54,7.75,8.11,8.78,8.63,9.18,,,,,,,,,
E12000006,East,E07000201,Forest Heath,5.74,6.81,7.13,8.24,7.44,8.74,8.38,7.01,7.06,7.20,6.96,6.53,7.34,8.02,7.80,7.81,8.27,,,,,,,,,
E12000006,East,E07000202,Ipswich,4.69,5.13,6.06,6.48,6.02,6.33,6.17,5.31,5.44,5.66,5.57,5.62,5.75,6.08,6.15,6.84,7.06,,,,,,,,,
E12000006,East,E07000203,Mid Suffolk,5.95,6.42,7.40,7.61,7.44,7.77,7.43,6.76,7.68,7.16,7.45,6.54,6.94,7.05,8.38,9.83,9.64,,,,,,,,,
E12000006,East,E07000204,St Edmundsbury,5.77,6.89,7.83,8.08,7.76,8.25,8.01,7.10,7.00,6.88,7.52,8.03,8.84,8.74,8.94,8.98,9.39,,,,,,,,,
E12000006,East,E07000205,Suffolk Coastal,5.73,6.44,6.67,7.02,7.17,7.43,7.08,6.69,8.06,7.44,7.21,7.34,7.52,7.81,8.00,8.83,9.28,,,,,,,,,
E12000006,East,E07000206,Waveney,4.63,5.64,6.35,7.00,6.50,6.61,6.40,5.54,6.39,5.83,6.29,6.06,6.14,6.58,6.86,7.60,7.49,,,,,,,,,
E12000007,London,E09000007,Camden,9.72,9.24,10.40,10.29,10.38,11.40,11.97,11.15,12.63,13.96,13.30,15.15,17.43,17.12,18.52,19.44,18.43,,,,,,,,,
E12000007,London,E09000001,City of London,6.29,:,:,:,:,:,:,9.52,:,8.66,:,:,:,:,14.83,:,16.54,,,,,,,,,
E12000007,London,E09000012,Hackney,7.37,8.19,8.70,8.25,9.48,9.04,9.06,8.87,9.63,9.21,10.41,11.42,12.82,14.34,16.67,15.22,16.34,,,,,,,,,
E12000007,London,E09000013,Hammersmith and Fulham,8.55,9.31,9.83,10.80,10.80,11.67,11.76,11.09,12.36,13.11,12.48,14.45,16.95,19.28,19.21,19.08,20.19,,,,,,,,,
E12000007,London,E09000014,Haringey,7.03,7.53,7.80,8.15,8.08,8.59,9.02,8.38,9.50,9.93,10.28,11.32,12.56,13.66,14.96,16.03,15.75,,,,,,,,,
E12000007,London,E09000019,Islington,8.71,8.78,8.67,8.93,8.91,10.28,10.84,9.99,10.95,11.18,10.64,12.55,13.57,16.25,16.51,16.25,12.89,,,,,,,,,
E12000007,London,E09000020,Kensington and Chelsea,10.68,10.65,10.03,10.86,11.19,15.48,15.17,13.89,15.93,16.48,21.32,21.05,25.28,29.71,30.49,29.15,33.44,,,,,,,,,
E12000007,London,E09000022,Lambeth,8.02,7.59,8.38,8.21,8.98,9.36,9.49,8.19,8.97,8.95,9.85,10.14,12.43,13.53,15.01,15.03,13.89,,,,,,,,,
E12000007,London,E09000023,Lewisham,5.85,6.35,6.57,6.94,7.34,7.97,8.06,7.29,7.63,8.08,7.76,7.69,9.33,10.88,11.71,12.28,12.26,,,,,,,,,
E12000007,London,E09000025,Newham,6.47,7.65,8.27,8.09,8.55,9.29,9.40,7.72,8.00,8.12,8.21,8.00,9.66,10.79,12.24,13.40,13.22,,,,,,,,,
E12000007,London,E09000028,Southwark,7.54,8.01,8.44,8.51,8.18,8.86,8.98,8.48,9.15,9.69,9.61,10.12,12.13,13.59,14.72,15.28,15.19,,,,,,,,,
E12000007,London,E09000030,Tower Hamlets,7.81,7.58,7.97,8.35,8.56,8.48,9.12,8.24,8.88,8.87,8.70,9.01,10.88,11.88,12.82,12.88,12.66,,,,,,,,,
E12000007,London,E09000032,Wandsworth,7.52,8.03,8.48,8.59,9.30,10.53,10.28,9.14,9.79,10.64,10.89,11.75,13.12,13.78,15.12,16.34,14.88,,,,,,,,,
E12000007,London,E09000033,Westminster,11.01,11.43,10.58,11.30,12.32,12.86,12.93,13.27,12.11,14.59,14.09,18.69,20.38,20.45,23.48,24.36,23.48,,,,,,,,,
E12000007,London,E09000002,Barking and Dagenham,4.68,6.22,7.18,7.15,6.55,7.05,7.46,5.71,6.30,6.56,6.38,6.28,7.54,8.24,9.89,10.00,10.42,,,,,,,,,
E12000007,London,E09000003,Barnet,7.44,8.40,8.64,8.46,9.11,9.83,9.16,8.47,9.70,10.08,10.05,10.16,12.14,13.30,14.05,13.70,14.58,,,,,,,,,
E12000007,London,E09000004,Bexley,5.56,6.29,6.57,6.73,6.79,7.19,6.97,6.29,6.72,6.77,6.53,6.68,7.69,8.47,9.44,10.01,10.02,,,,,,,,,
E12000007,London,E09000005,Brent,8.10,9.31,9.24,9.59,9.85,10.80,9.89,9.75,10.31,11.19,11.13,12.13,12.39,13.43,15.21,15.65,16.26,,,,,,,,,
E12000007,London,E09000006,Bromley,6.48,7.09,7.54,7.45,7.54,7.71,7.49,6.99,7.82,8.06,7.64,7.93,8.92,9.93,10.83,10.83,10.99,,,,,,,,,
E12000007,London,E09000008,Croydon,5.82,6.55,7.23,7.33,7.38,7.96,7.82,6.80,7.17,7.27,7.41,7.54,7.82,8.98,10.18,10.73,10.45,,,,,,,,,
E12000007,London,E09000009,Ealing,7.08,8.43,8.68,8.96,8.88,9.22,9.66,8.07,9.61,9.42,9.94,10.93,12.27,14.34,14.73,14.88,14.03,,,,,,,,,
E12000007,London,E09000010,Enfield,6.03,7.37,7.31,7.83,7.76,8.17,8.44,7.76,8.00,8.26,8.26,8.43,9.16,10.35,12.16,13.02,12.52,,,,,,,,,
E12000007,London,E09000011,Greenwich,5.99,6.43,6.86,7.43,7.70,7.53,7.88,6.74,7.61,8.17,7.96,8.10,10.09,10.57,11.87,12.67,12.17,,,,,,,,,
E12000007,London,E09000015,Harrow,7.59,9.20,9.26,9.29,9.26,9.40,8.81,7.82,8.94,9.55,10.06,9.76,11.27,11.85,13.29,14.61,13.70,,,,,,,,,
E12000007,London,E09000016,Havering,5.63,6.52,6.91,6.73,7.02,7.52,7.20,6.54,7.09,7.29,6.88,7.34,7.99,8.73,9.78,10.61,10.53,,,,,,,,,
E12000007,London,E09000017,Hillingdon,6.47,7.26,7.56,7.87,8.55,8.39,8.65,7.94,8.26,8.13,7.96,8.34,9.33,10.34,11.64,13.13,13.61,,,,,,,,,
E12000007,London,E09000018,Hounslow,7.00,7.92,8.65,8.40,9.02,9.34,9.02,8.50,8.54,8.55,8.67,9.21,10.30,11.59,12.62,11.95,12.78,,,,,,,,,
E12000007,London,E09000021,Kingston upon Thames,7.16,7.77,8.47,8.38,8.10,8.52,9.50,7.99,8.78,8.60,8.69,9.06,10.19,10.88,11.83,12.90,12.74,,,,,,,,,
E12000007,London,E09000024,Merton,6.81,7.25,7.90,7.84,8.57,8.50,8.46,7.56,8.61,8.93,8.59,9.43,11.48,11.97,13.42,12.80,12.96,,,,,,,,,
E12000007,London,E09000026,Redbridge,6.22,7.07,8.27,7.96,7.86,7.97,7.60,7.03,7.19,7.76,8.02,8.39,8.76,9.51,11.26,12.50,12.79,,,,,,,,,
E12000007,London,E09000027,Richmond upon Thames,7.26,7.95,8.35,8.42,9.18,9.85,9.85,9.18,10.35,10.21,10.35,11.82,12.79,14.29,14.38,15.68,14.77,,,,,,,,,
E12000007,London,E09000029,Sutton,6.29,6.66,7.39,7.38,7.56,8.01,8.00,7.18,7.36,8.00,7.83,8.06,8.72,10.00,10.54,11.10,10.81,,,,,,,,,
E12000007,London,E09000031,Waltham Forest,5.69,6.61,7.20,7.55,7.63,8.37,8.28,7.40,7.81,8.51,8.27,8.94,10.68,12.13,13.22,14.08,13.61,,,,,,,,,
E12000008,South East,E06000036,Bracknell Forest,5.76,6.85,6.38,6.61,6.93,7.31,7.70,6.65,7.78,7.36,7.78,7.63,8.29,9.05,10.33,10.13,10.59,,,,,,,,,
E12000008,South East,E06000043,Brighton and Hove,6.37,7.43,7.41,8.16,8.22,8.84,8.52,7.56,8.49,8.57,8.54,8.86,9.29,10.43,10.54,11.44,11.57,,,,,,,,,
E12000008,South East,E06000046,Isle of Wight,6.01,6.38,7.68,7.49,7.73,7.78,7.33,6.92,7.85,7.12,6.89,7.07,6.97,7.27,7.52,7.65,7.99,,,,,,,,,
E12000008,South East,E06000035,Medway,4.24,5.35,5.83,6.18,5.82,6.26,6.04,5.13,5.56,5.33,5.24,5.70,5.67,6.33,7.27,7.64,7.95,,,,,,,,,
E12000008,South East,E06000042,Milton Keynes,5.33,5.77,6.19,6.80,6.84,6.86,6.81,6.05,6.70,6.25,6.40,6.35,6.92,8.12,8.50,8.43,9.32,,,,,,,,,
E12000008,South East,E06000044,Portsmouth,4.89,5.61,6.54,6.33,6.54,7.11,7.05,5.66,5.89,6.13,6.05,6.11,6.19,6.41,7.15,7.50,7.74,,,,,,,,,
E12000008,South East,E06000038,Reading,5.92,6.27,6.47,7.05,7.27,7.33,6.89,6.06,6.52,6.70,6.20,6.22,6.97,8.43,8.95,9.15,9.26,,,,,,,,,
E12000008,South East,E06000039,Slough,6.11,7.25,7.38,7.70,7.58,7.73,7.88,6.74,7.01,7.09,7.06,7.36,8.05,8.77,9.90,10.99,10.19,,,,,,,,,
E12000008,South East,E06000045,Southampton,5.66,6.39,6.64,6.85,6.96,7.33,7.30,6.53,6.92,6.79,6.58,6.48,6.75,6.92,7.18,7.47,8.19,,,,,,,,,
E12000008,South East,E06000037,West Berkshire,6.73,7.38,7.58,7.63,7.53,8.56,7.65,7.57,7.85,8.25,7.73,7.64,8.13,8.95,9.69,10.10,10.55,,,,,,,,,
E12000008,South East,E06000040,Windsor and Maidenhead,7.47,7.92,7.93,8.22,8.13,9.11,9.02,8.06,9.20,8.74,8.39,8.86,9.87,11.16,11.90,12.44,11.59,,,,,,,,,
E12000008,South East,E06000041,Wokingham,6.43,7.29,7.94,7.50,7.44,8.24,7.83,7.41,7.55,7.54,7.53,7.57,8.73,9.74,10.62,11.39,10.53,,,,,,,,,
E12000008,South East,E07000004,Aylesbury Vale,5.80,6.72,7.36,7.37,7.46,7.84,7.62,6.99,7.60,7.42,7.60,7.96,8.21,8.99,9.46,9.73,10.13,,,,,,,,,
E12000008,South East,E07000005,Chiltern,7.34,8.98,10.42,9.70,9.29,10.87,10.68,9.32,9.58,9.46,10.57,10.59,11.35,11.77,13.87,12.11,14.84,,,,,,,,,
E12000008,South East,E07000006,South Bucks,8.91,10.57,10.77,11.12,12.25,13.20,11.87,10.59,12.34,11.69,11.57,11.38,13.87,13.97,14.42,13.74,16.73,,,,,,,,,
E12000008,South East,E07000007,Wycombe,6.55,6.96,7.54,8.18,8.34,9.01,8.49,7.30,7.70,7.63,8.11,8.97,9.47,10.01,10.95,11.65,10.97,,,,,,,,,
E12000008,South East,E07000061,Eastbourne,5.51,6.67,7.43,7.34,8.08,7.57,8.47,6.95,7.03,7.45,7.38,7.18,6.83,7.31,8.64,8.58,8.11,,,,,,,,,
E12000008,South East,E07000062,Hastings,5.07,6.29,6.97,7.05,7.20,7.99,7.88,6.63,6.77,6.60,6.90,7.07,6.95,6.87,8.01,8.63,9.33,,,,,,,,,
E12000008,South East,E07000063,Lewes,6.27,7.41,7.93,8.33,8.41,9.56,8.98,7.67,7.89,8.22,8.54,8.37,8.56,9.53,9.89,9.60,11.23,,,,,,,,,
E12000008,South East,E07000064,Rother,6.38,7.74,8.62,8.36,8.36,8.33,8.52,7.15,8.26,8.46,8.81,8.83,9.13,9.45,10.01,9.17,10.33,,,,,,,,,
E12000008,South East,E07000065,Wealden,6.51,7.46,8.39,8.93,8.63,8.69,8.72,7.52,7.70,7.93,7.68,8.49,8.31,8.78,9.40,9.93,10.52,,,,,,,,,
E12000008,South East,E07000084,Basingstoke and Deane,5.74,6.94,7.09,7.41,7.37,7.59,7.55,6.75,7.15,7.10,7.18,7.08,7.16,7.74,8.21,8.96,9.57,,,,,,,,,
E12000008,South East,E07000085,East Hampshire,6.31,7.02,8.15,8.48,8.05,8.35,8.32,7.90,8.49,8.78,8.35,8.52,9.87,10.51,10.61,10.30,10.24,,,,,,,,,
E12000008,South East,E07000086,Eastleigh,6.27,6.90,7.43,7.43,7.49,7.52,7.42,6.32,7.25,7.23,7.23,7.20,7.39,7.95,8.68,9.13,9.84,,,,,,,,,
E12000008,South East,E07000087,Fareham,6.20,6.87,7.59,7.58,7.43,7.87,7.65,6.70,7.24,7.07,7.31,7.59,7.49,8.05,8.65,9.04,9.11,,,,,,,,,
E12000008,South East,E07000088,Gosport,5.67,6.40,6.87,6.52,6.66,6.44,6.00,5.31,5.71,5.97,6.12,5.73,5.68,6.03,6.63,7.06,7.31,,,,,,,,,
E12000008,South East,E07000089,Hart,6.39,6.94,7.02,7.55,6.90,7.76,8.42,7.20,7.46,7.57,7.70,8.60,8.83,9.91,10.90,10.65,10.78,,,,,,,,,
E12000008,South East,E07000090,Havant,6.46,7.06,7.92,7.32,7.82,8.11,7.79,7.17,7.61,7.29,7.22,6.90,7.84,8.10,8.96,8.91,8.97,,,,,,,,,
E12000008,South East,E07000091,New Forest,7.15,8.34,8.74,9.92,9.82,9.90,9.65,8.54,8.87,8.88,8.65,8.50,8.74,10.04,10.07,10.31,10.74,,,,,,,,,
E12000008,South East,E07000092,Rushmoor,6.03,6.35,6.44,7.01,6.62,7.20,7.59,6.59,6.98,7.45,7.45,7.26,7.71,8.76,9.55,10.18,9.16,,,,,,,,,
E12000008,South East,E07000093,Test Valley,6.74,7.60,8.08,7.89,8.25,8.90,9.44,7.94,8.64,8.94,8.41,8.15,8.36,8.16,8.70,8.55,9.14,,,,,,,,,
E12000008,South East,E07000094,Winchester,7.40,7.65,7.77,8.35,8.54,9.11,8.89,7.23,8.58,8.81,8.66,8.78,10.27,10.49,10.05,11.25,10.30,,,,,,,,,
E12000008,South East,E07000105,Ashford,5.84,6.84,7.14,7.49,7.64,8.43,7.83,6.99,7.64,6.82,6.78,7.31,8.31,8.28,8.74,9.10,9.44,,,,,,,,,
E12000008,South East,E07000106,Canterbury,6.28,6.84,7.34,6.94,7.31,8.56,7.90,6.48,7.64,6.64,7.29,6.92,7.45,7.47,9.29,8.78,9.69,,,,,,,,,
E12000008,South East,E07000107,Dartford,5.01,6.41,6.30,6.80,6.87,6.85,6.90,5.75,6.20,6.16,6.73,6.74,7.06,8.45,8.54,9.32,8.91,,,,,,,,,
E12000008,South East,E07000108,Dover,4.66,5.58,6.65,6.80,6.82,6.91,6.20,5.83,5.92,5.88,5.88,6.05,6.55,7.39,8.36,8.84,8.34,,,,,,,,,
E12000008,South East,E07000109,Gravesham,4.93,5.92,6.44,6.38,5.90,6.91,6.91,5.83,6.02,6.03,6.24,6.54,7.09,7.73,8.60,9.50,9.36,,,,,,,,,
E12000008,South East,E07000110,Maidstone,6.12,6.56,7.51,7.24,7.24,7.53,7.79,6.13,6.87,6.65,6.82,7.76,7.83,8.21,8.94,9.84,10.26,,,,,,,,,
E12000008,South East,E07000111,Sevenoaks,7.35,8.00,8.04,8.58,8.62,8.15,8.16,7.87,7.96,8.69,9.37,9.52,9.69,11.39,11.65,11.56,13.07,,,,,,,,,
E12000008,South East,E07000112,Folkestone and Hythe,5.14,6.55,6.44,7.02,7.87,8.38,7.40,6.88,7.17,6.74,6.40,6.53,7.20,7.09,8.98,8.95,9.10,,,,,,,,,
E12000008,South East,E07000113,Swale,4.76,5.38,5.78,6.15,6.57,6.59,6.47,5.56,5.94,5.32,5.53,5.89,6.24,6.42,7.93,7.89,7.94,,,,,,,,,
E12000008,South East,E07000114,Thanet,5.03,6.20,6.62,7.03,7.45,7.00,7.29,6.94,7.55,6.95,7.09,6.54,7.44,7.90,8.21,8.71,9.36,,,,,,,,,
E12000008,South East,E07000115,Tonbridge and Malling,7.17,7.67,8.07,8.50,8.31,8.70,8.24,6.80,7.89,7.37,7.52,8.06,8.99,8.12,9.55,10.04,9.82,,,,,,,,,
E12000008,South East,E07000116,Tunbridge Wells,6.17,7.28,7.84,8.19,8.34,8.92,7.75,6.98,8.08,7.22,7.30,7.26,7.52,8.54,11.17,11.48,10.28,,,,,,,,,
E12000008,South East,E07000177,Cherwell,5.75,7.17,7.49,7.30,7.63,8.14,7.73,6.62,6.81,7.53,7.53,8.09,8.57,8.75,9.46,9.60,9.78,,,,,,,,,
E12000008,South East,E07000178,Oxford,8.67,9.24,9.20,9.64,9.28,9.88,10.18,8.87,9.43,9.21,10.04,10.39,10.20,11.14,12.44,12.21,11.71,,,,,,,,,
E12000008,South East,E07000179,South Oxfordshire,6.76,7.28,7.79,8.21,8.79,8.73,8.33,8.47,8.69,8.43,9.21,8.78,8.88,10.19,10.36,10.32,10.32,,,,,,,,,
E12000008,South East,E07000180,Vale of White Horse,7.10,7.59,7.91,7.75,7.81,8.04,7.92,7.27,7.84,7.90,7.98,7.91,8.56,9.36,9.73,9.71,9.49,,,,,,,,,
E12000008,South East,E07000181,West Oxfordshire,6.67,7.88,8.15,8.09,8.60,8.82,8.56,7.42,7.49,8.00,7.95,8.31,8.34,8.79,9.76,10.62,9.77,,,,,,,,,
E12000008,South East,E07000207,Elmbridge,8.35,8.47,8.58,8.28,8.49,8.79,9.70,9.65,11.14,9.64,10.18,11.43,12.02,12.89,13.91,14.92,13.33,,,,,,,,,
E12000008,South East,E07000208,Epsom and Ewell,8.13,8.23,8.55,8.79,9.45,10.02,8.41,7.79,9.41,8.42,8.77,9.31,10.39,11.45,12.98,13.07,13.20,,,,,,,,,
E12000008,South East,E07000209,Guildford,7.08,7.40,8.21,8.16,8.26,9.41,9.05,7.04,8.58,8.93,8.64,8.97,10.34,10.90,11.75,11.74,11.90,,,,,,,,,
E12000008,South East,E07000210,Mole Valley,7.77,8.20,8.51,8.90,9.36,9.09,10.89,9.51,9.37,10.89,11.08,11.35,11.76,13.60,14.18,14.42,15.85,,,,,,,,,
E12000008,South East,E07000211,Reigate and Banstead,6.87,7.50,8.02,8.14,8.05,7.90,7.61,7.03,7.94,7.91,7.30,7.89,8.80,9.92,11.68,11.59,10.79,,,,,,,,,
E12000008,South East,E07000212,Runnymede,7.34,7.77,8.29,7.96,8.04,8.95,8.70,7.83,7.54,8.46,7.97,8.30,9.91,10.56,11.87,12.15,12.82,,,,,,,,,
E12000008,South East,E07000213,Spelthorne,6.59,6.85,7.00,6.98,7.51,7.57,7.70,7.43,7.63,7.47,7.59,7.57,8.50,9.39,10.42,11.20,11.06,,,,,,,,,
E12000008,South East,E07000214,Surrey Heath,6.86,7.67,7.68,7.42,7.62,7.63,7.87,7.49,7.81,8.21,8.21,8.15,8.82,10.09,10.30,10.22,10.35,,,,,,,,,
E12000008,South East,E07000215,Tandridge,7.07,7.76,9.19,8.91,9.17,8.82,9.69,8.60,9.82,10.48,9.30,9.62,10.53,11.85,11.46,12.35,11.53,,,,,,,,,
E12000008,South East,E07000216,Waverley,7.37,8.53,9.07,8.21,8.85,8.59,8.78,8.23,8.63,9.66,8.93,9.88,9.37,10.37,10.57,11.24,11.83,,,,,,,,,
E12000008,South East,E07000217,Woking,6.70,7.07,7.97,8.13,8.60,8.59,8.60,8.18,8.66,8.38,7.61,8.33,9.14,10.70,10.70,11.07,11.09,,,,,,,,,
E12000008,South East,E07000223,Adur,6.11,7.11,8.01,9.10,8.62,9.57,9.75,8.64,9.44,9.56,9.04,9.72,9.87,10.31,11.56,12.23,11.40,,,,,,,,,
E12000008,South East,E07000224,Arun,7.27,8.50,8.07,8.77,8.64,9.56,8.44,7.94,8.71,8.90,8.71,8.62,9.09,9.62,10.15,10.36,10.28,,,,,,,,,
E12000008,South East,E07000225,Chichester,6.16,7.79,10.40,9.63,9.41,10.30,10.42,8.96,9.94,9.50,9.47,10.27,11.20,11.10,11.08,11.57,11.82,,,,,,,,,
E12000008,South East,E07000226,Crawley,5.99,6.49,6.64,7.23,6.70,7.92,7.63,6.70,6.76,6.87,6.83,7.16,7.93,8.63,8.96,10.00,10.49,,,,,,,,,
E12000008,South East,E07000227,Horsham,7.21,7.77,8.35,8.26,8.29,8.21,7.92,7.56,8.56,7.98,8.84,8.78,9.89,10.23,10.62,11.24,11.12,,,,,,,,,
E12000008,South East,E07000228,Mid Sussex,6.84,7.97,8.46,8.12,8.72,8.80,8.52,7.72,8.18,8.37,8.31,8.87,9.48,9.93,10.58,10.71,10.27,,,,,,,,,
E12000008,South East,E07000229,Worthing,5.44,6.53,7.27,8.05,7.96,8.34,7.66,6.89,7.73,7.41,7.70,7.70,8.30,9.04,9.23,10.58,10.32,,,,,,,,,
E12000009,South West,E06000022,Bath and North East Somerset,6.48,7.41,8.00,8.55,8.24,9.21,8.77,8.02,8.67,8.87,8.56,8.02,8.76,9.52,9.77,10.78,10.26,,,,,,,,,
E12000009,South West,E06000028,Bournemouth,6.73,8.24,9.28,8.59,8.94,8.47,8.11,6.88,7.93,7.94,7.57,7.26,7.42,8.18,8.33,8.65,8.28,,,,,,,,,
E12000009,South West,E06000023,"Bristol, City of",5.44,6.39,6.63,6.80,7.07,7.53,7.28,6.36,6.65,6.78,6.74,6.75,7.16,7.62,8.66,9.13,9.12,,,,,,,,,
E12000009,South West,E06000052,Cornwall,:,:,:,:,:,:,9.29,8.13,8.38,8.60,8.38,8.32,8.16,8.58,8.55,8.60,8.93,,,,,,,,,
E12000009,South West,E06000053,Isles of Scilly,:,:,:,:,:,:,:,25.28,:,:,:,:,:,:,:,:,:,,,,,,,,,
E12000009,South West,E06000024,North Somerset,5.16,5.90,6.35,6.54,6.61,6.92,7.12,6.43,6.86,6.45,6.30,6.36,6.71,7.29,7.51,7.69,8.27,,,,,,,,,
E12000009,South West,E06000026,Plymouth,4.19,4.64,5.73,6.55,6.57,7.14,6.34,5.99,6.14,6.00,5.96,6.01,6.33,6.48,6.61,6.26,6.32,,,,,,,,,
E12000009,South West,E06000029,Poole,6.67,7.85,8.28,8.65,8.36,8.97,9.09,7.79,8.77,7.97,7.70,7.91,8.49,9.02,9.48,9.73,9.29,,,,,,,,,
E12000009,South West,E06000025,South Gloucestershire,5.59,6.18,6.35,6.66,6.80,7.41,7.19,6.47,7.10,6.74,6.73,6.89,6.99,7.65,8.07,8.47,8.72,,,,,,,,,
E12000009,South West,E06000030,Swindon,5.44,5.79,6.00,6.14,6.26,6.18,5.92,5.28,5.81,5.58,5.57,5.82,5.90,6.22,6.67,7.45,7.58,,,,,,,,,
E12000009,South West,E06000027,Torbay,6.16,7.34,8.02,8.29,8.19,8.80,8.48,7.97,8.35,7.25,7.36,7.30,7.53,7.82,8.03,7.87,7.97,,,,,,,,,
E12000009,South West,E06000054,Wiltshire,:,:,:,:,:,:,7.86,7.01,7.82,7.64,7.97,7.69,7.89,8.32,9.05,8.89,9.17,,,,,,,,,
E12000009,South West,E07000040,East Devon,7.53,8.88,9.04,9.53,9.13,10.08,10.31,9.08,9.86,9.65,9.77,8.67,9.21,9.44,8.65,9.87,10.04,,,,,,,,,
E12000009,South West,E07000041,Exeter,5.77,7.45,7.82,8.06,8.39,8.83,8.59,7.71,7.91,8.04,8.26,7.95,8.16,8.97,8.25,9.16,8.87,,,,,,,,,
E12000009,South West,E07000042,Mid Devon,6.08,7.28,7.82,8.12,8.42,9.30,9.59,7.85,8.33,8.26,7.87,8.05,8.00,8.09,8.20,8.04,8.40,,,,,,,,,
E12000009,South West,E07000043,North Devon,7.06,8.05,9.54,10.88,10.75,11.15,10.33,9.57,9.61,9.04,8.90,8.92,9.05,9.54,9.71,10.08,9.96,,,,,,,,,
E12000009,South West,E07000044,South Hams,6.76,8.24,9.09,9.54,9.32,9.19,9.51,8.30,9.59,9.61,8.89,9.75,8.85,9.78,10.41,10.27,10.53,,,,,,,,,
E12000009,South West,E07000045,Teignbridge,6.57,7.69,8.91,9.20,9.58,9.49,8.02,7.51,8.35,8.52,8.06,8.24,8.61,8.83,9.07,10.15,9.99,,,,,,,,,
E12000009,South West,E07000046,Torridge,6.41,7.62,9.16,9.87,9.54,9.25,8.90,8.29,9.35,8.71,8.11,8.07,7.84,8.34,8.61,8.40,9.11,,,,,,,,,
E12000009,South West,E07000047,West Devon,6.38,7.06,7.65,8.18,8.76,10.21,9.48,7.38,8.72,8.12,8.16,7.48,7.44,8.14,8.92,9.23,8.75,,,,,,,,,
E12000009,South West,E07000048,Christchurch,8.07,9.08,9.25,:,12.36,12.28,12.68,10.10,9.65,8.79,10.28,9.51,9.12,10.05,12.42,12.65,12.40,,,,,,,,,
E12000009,South West,E07000049,East Dorset,8.30,9.59,9.50,10.36,10.44,11.00,10.22,9.04,10.21,10.01,9.69,9.30,9.99,10.33,11.67,12.02,10.88,,,,,,,,,
E12000009,South West,E07000050,North Dorset,7.22,8.91,8.99,9.16,8.68,10.32,11.63,8.62,9.39,8.43,8.49,9.12,8.93,9.02,8.87,9.66,10.01,,,,,,,,,
E12000009,South West,E07000051,Purbeck,7.73,8.84,10.05,9.14,10.15,9.75,10.40,9.17,10.15,9.76,9.99,10.48,11.17,10.88,11.05,11.97,11.24,,,,,,,,,
E12000009,South West,E07000052,West Dorset,7.53,9.45,10.13,9.86,9.71,10.21,10.36,8.60,9.22,8.58,8.40,8.50,9.25,9.26,10.31,10.90,10.31,,,,,,,,,
E12000009,South West,E07000053,Weymouth and Portland,6.48,7.47,8.41,9.14,8.87,9.55,9.00,7.89,8.18,7.92,8.01,6.98,6.92,7.56,7.96,7.93,8.27,,,,,,,,,
E12000009,South West,E07000078,Cheltenham,5.54,6.00,7.16,7.06,6.89,7.18,7.21,6.19,7.17,7.24,6.97,6.78,7.40,7.55,8.28,8.68,8.92,,,,,,,,,
E12000009,South West,E07000079,Cotswold,8.00,9.14,9.69,10.37,9.99,9.87,10.90,9.87,11.85,10.86,10.21,10.44,10.77,10.97,11.51,11.01,10.96,,,,,,,,,
E12000009,South West,E07000080,Forest of Dean,5.30,6.37,7.02,7.54,7.51,6.92,7.16,6.72,7.01,6.56,6.16,5.74,6.49,6.68,6.54,6.44,7.80,,,,,,,,,
E12000009,South West,E07000081,Gloucester,4.53,5.76,6.31,6.52,6.83,7.11,6.67,5.50,6.30,6.03,6.13,5.81,6.27,6.57,6.61,6.91,7.01,,,,,,,,,
E12000009,South West,E07000082,Stroud,6.02,6.78,7.51,7.69,7.48,8.29,7.33,6.95,7.24,7.21,6.90,7.07,7.61,8.05,8.69,8.99,9.56,,,,,,,,,
E12000009,South West,E07000083,Tewkesbury,5.25,6.42,7.33,7.00,6.88,8.04,7.75,6.14,6.87,6.41,6.87,6.60,7.82,7.33,7.77,7.92,9.30,,,,,,,,,
E12000009,South West,E07000187,Mendip,6.14,6.51,7.59,7.42,7.38,7.83,8.12,7.07,7.12,6.90,6.84,7.06,7.36,8.14,8.29,8.64,8.58,,,,,,,,,
E12000009,South West,E07000188,Sedgemoor,5.01,6.13,7.24,6.50,6.87,7.11,7.38,6.37,6.75,7.43,6.95,7.07,6.65,7.08,8.04,7.83,7.83,,,,,,,,,
E12000009,South West,E07000189,South Somerset,5.31,6.56,7.72,7.84,8.15,8.45,8.04,7.18,7.76,7.33,7.08,6.94,7.15,8.01,8.08,8.02,8.03,,,,,,,,,
E12000009,South West,E07000190,Taunton Deane,5.63,7.20,7.15,8.00,7.38,8.01,8.01,7.06,7.20,7.25,7.23,7.66,7.33,7.76,7.80,7.98,8.51,,,,,,,,,
E12000009,South West,E07000191,West Somerset,:,:,9.07,:,7.51,8.36,8.65,:,:,9.32,10.70,8.48,9.43,6.56,:,10.82,10.55,,,,,,,,,
W92000004,Wales,W06000001,Isle of Anglesey,4.18,4.32,5.82,6.37,6.87,7.92,7.30,6.30,6.56,6.82,6.35,6.20,6.23,6.52,6.73,6.49,6.74,,,,,,,,,
W92000004,Wales,W06000002,Gwynedd,3.90,4.91,5.49,6.56,6.83,6.98,7.17,6.38,6.44,6.03,5.89,5.78,5.81,6.40,6.58,6.22,6.21,,,,,,,,,
W92000004,Wales,W06000003,Conwy,3.81,4.84,6.01,6.98,7.19,7.01,6.57,5.86,6.57,6.35,6.23,5.35,5.52,5.39,5.88,5.98,6.09,,,,,,,,,
W92000004,Wales,W06000004,Denbighshire,3.09,3.98,4.91,6.24,6.95,6.59,6.55,5.68,6.06,5.51,5.81,5.65,5.94,6.09,5.77,5.57,5.66,,,,,,,,,
W92000004,Wales,W06000005,Flintshire,3.38,4.08,5.12,5.62,5.52,6.37,5.93,5.50,5.45,5.58,5.53,5.39,5.20,5.48,5.42,5.84,5.95,,,,,,,,,
W92000004,Wales,W06000006,Wrexham,3.50,4.64,5.78,5.74,6.27,6.02,6.01,5.43,5.50,5.75,5.66,5.08,5.31,5.34,5.57,5.79,5.51,,,,,,,,,
W92000004,Wales,W06000023,Powys,4.56,5.16,7.26,7.37,7.76,7.90,7.59,7.09,7.83,6.76,7.47,7.35,7.15,6.63,6.56,6.98,6.89,,,,,,,,,
W92000004,Wales,W06000008,Ceredigion,4.77,5.50,7.93,7.95,8.53,9.66,9.28,7.48,8.26,7.74,7.75,6.90,7.60,7.66,7.47,7.57,7.17,,,,,,,,,
W92000004,Wales,W06000009,Pembrokeshire,4.72,5.53,7.13,7.58,8.18,7.92,7.00,7.18,6.94,6.47,7.12,6.57,6.48,6.79,6.90,6.69,6.85,,,,,,,,,
W92000004,Wales,W06000010,Carmarthenshire,2.90,3.59,5.36,6.14,6.51,6.42,6.29,5.54,5.69,5.55,5.27,4.79,4.80,5.34,5.50,5.07,5.19,,,,,,,,,
W92000004,Wales,W06000011,Swansea,3.22,4.03,4.87,5.70,6.00,6.16,6.03,5.65,5.46,5.04,5.01,5.10,5.03,5.34,5.39,5.30,5.10,,,,,,,,,
W92000004,Wales,W06000012,Neath Port Talbot,2.47,2.48,3.36,4.16,4.04,4.67,4.76,4.32,3.76,4.31,4.10,4.13,4.16,4.12,4.33,4.39,4.48,,,,,,,,,
W92000004,Wales,W06000013,Bridgend,3.31,3.96,4.60,5.18,5.84,5.67,5.42,5.54,5.28,5.19,5.06,5.11,4.98,5.25,5.48,5.41,5.23,,,,,,,,,
W92000004,Wales,W06000014,Vale of Glamorgan,4.47,5.09,5.56,5.98,6.05,6.78,6.80,6.03,6.14,6.13,6.33,6.11,6.58,6.62,6.12,6.63,7.03,,,,,,,,,
W92000004,Wales,W06000015,Cardiff,4.85,6.01,6.50,6.48,6.87,6.96,6.66,5.94,6.28,6.15,6.11,6.17,6.24,6.37,6.54,6.58,6.74,,,,,,,,,
W92000004,Wales,W06000016,Rhondda Cynon Taf,2.46,2.90,3.56,4.25,4.34,4.71,4.51,4.06,4.07,3.85,3.82,3.72,3.84,4.15,4.33,4.16,4.25,,,,,,,,,
W92000004,Wales,W06000024,Merthyr Tydfil,2.35,2.52,3.05,3.85,4.27,4.82,4.62,4.25,4.23,3.96,3.86,3.88,4.07,4.08,3.98,3.93,3.92,,,,,,,,,
W92000004,Wales,W06000018,Caerphilly,3.00,3.65,4.61,5.02,5.70,5.61,5.72,4.80,5.12,4.75,4.79,4.68,5.02,4.89,4.95,4.91,4.81,,,,,,,,,
W92000004,Wales,W06000019,Blaenau Gwent,2.42,2.28,3.18,4.30,4.37,4.51,4.67,4.04,3.89,3.64,3.49,3.32,3.56,3.39,3.48,3.19,3.33,,,,,,,,,
W92000004,Wales,W06000020,Torfaen,2.95,3.60,4.31,4.38,4.79,5.04,5.59,5.01,4.89,4.97,5.12,5.14,4.85,4.85,4.96,4.68,5.20,,,,,,,,,
W92000004,Wales,W06000021,Monmouthshire,5.43,5.72,6.87,7.41,7.23,7.29,6.79,6.03,6.97,6.66,6.69,6.53,6.66,6.85,6.59,7.16,7.32,,,,,,,,,
W92000004,Wales,W06000022,Newport,3.76,4.23,5.28,5.53,5.85,6.15,6.29,5.14,5.30,5.29,5.24,5.45,5.42,5.82,6.06,5.99,5.88,,,,,,,,,
,,,,,,,,,,,,,,,,,,,,,,,,,,,,,
,,,,,,,,,,,,,,,,,,,,,,,,,,,,,
,,,,,,,,,,,,,,,,,,,,,,,,,,,,,
,,,,,,,,,,,,,,,,,,,,,,,,,,,,,
,,,,,,,,,,,,,,,,,,,,,,,,,,,,,
,,,,,,,,,,,,,,,,,,,,,,,,,,,,,
,,,,,,,,,,,,,,,,,,,,,,,,,,,,,
,,,,,,,,,,,,,,,,,,,,,,,,,,,,,
,,,,,,,,,,,,,,,,,,,,,,,,,,,,,
,,,,,,,,,,,,,,,,,,,,,,,,,,,,,
,,,,,,,,,,,,,,,,,,,,,,,,,,,,,
,,,,,,,,,,,,,,,,,,,,,,,,,,,,,
,,,,,,,,,,,,,,,,,,,,,,,,,,,,,
,,,,,,,,,,,,,,,,,,,,,,,,,,,,,
,,,,,,,,,,,,,,,,,,,,,,,,,,,,,
,,,,,,,,,,,,,,,,,,,,,,,,,,,,,
,,,,,,,,,,,,,,,,,,,,,,,,,,,,,
,,,,,,,,,,,,,,,,,,,,,,,,,,,,,
,,,,,,,,,,,,,,,,,,,,,,,,,,,,,
,,,,,,,,,,,,,,,,,,,,,,,,,,,,,
,,,,,,,,,,,,,,,,,,,,,,,,,,,,,
,,,,,,,,,,,,,,,,,,,,,,,,,,,,,
,,,,,,,,,,,,,,,,,,,,,,,,,,,,,
,,,,,,,,,,,,,,,,,,,,,,,,,,,,,
,,,,,,,,,,,,,,,,,,,,,,,,,,,,,
,,,,,,,,,,,,,,,,,,,,,,,,,,,,,
,,,,,,,,,,,,,,,,,,,,,,,,,,,,,
,,,,,,,,,,,,,,,,,,,,,,,,,,,,,
,,,,,,,,,,,,,,,,,,,,,,,,,,,,,
,,,,,,,,,,,,,,,,,,,,,,,,,,,,,
,,,,,,,,,,,,,,,,,,,,,,,,,,,,,
,,,,,,,,,,,,,,,,,,,,,,,,,,,,,
,,,,,,,,,,,,,,,,,,,,,,,,,,,,,
,,,,,,,,,,,,,,,,,,,,,,,,,,,,,
,,,,,,,,,,,,,,,,,,,,,,,,,,,,,
,,,,,,,,,,,,,,,,,,,,,,,,,,,,,
,,,,,,,,,,,,,,,,,,,,,,,,,,,,,
,,,,,,,,,,,,,,,,,,,,,,,,,,,,,
,,,,,,,,,,,,,,,,,,,,,,,,,,,,,
,,,,,,,,,,,,,,,,,,,,,,,,,,,,,
,,,,,,,,,,,,,,,,,,,,,,,,,,,,,
,,,,,,,,,,,,,,,,,,,,,,,,,,,,,
,,,,,,,,,,,,,,,,,,,,,,,,,,,,,
,,,,,,,,,,,,,,,,,,,,,,,,,,,,,
,,,,,,,,,,,,,,,,,,,,,,,,,,,,,
,,,,,,,,,,,,,,,,,,,,,,,,,,,,,
,,,,,,,,,,,,,,,,,,,,,,,,,,,,,
,,,,,,,,,,,,,,,,,,,,,,,,,,,,,
,,,,,,,,,,,,,,,,,,,,,,,,,,,,,
,,,,,,,,,,,,,,,,,,,,,,,,,,,,,
,,,,,,,,,,,,,,,,,,,,,,,,,,,,,